<?xml version='1.0' ?><All_in_One_GEN007 id="All_in_One_GEN007" version="1506291406"><starttime>2015-07-06T11:30:57.081+07</starttime><endtime /><deviceid>356619052846604</deviceid><subscriberid>452040301923352</subscriberid><simid>89840403070019233526</simid><devicephonenum /><tinh /><huyen /><xa /><commune /><xa_c>No xa</xa_c><personal_info><yourwage /><yourspend /><newdate /></personal_info><hopphan1><hopphan1_note /><hopphan1_before /><hopphan1_after /></hopphan1><g2b_group><g2b /><g2b1 /><g2b2 /><g2b3 /><g2b4 /><g2b5 /><g2b6 /></g2b_group><test_popup_note /><g2t_group><g2t /><g2t1 /><g2t2 /><g2t3 /><g2t4 /><g2t5 /><g2t6 /></g2t_group><random_cal1>0.011320669746684442</random_cal1><random_draw1>1</random_draw1><random1 /><random_cal2>0.30084240001721774</random_cal2><random_draw2>1</random_draw2><random2 /><dai><ngay /><checkbox1 /><checkbox2 /><checkbox3 /><textbox1 /><textbox2 /><textbox3 /></dai><takepic /><picdescr /><takepica /><picdescra /><takeface /><takevid /><viddescr /><redaudio /><auddescr /><ovcomment /><takegeo /><barcode_test /><note_for_video /><only_threen /><only_three_1_1><only_three /><only_three_1 /><only_three_2 /><only_three_3 /><only_three_4 /><only_three_5 /><only_three_6 /><only_three_7 /><only_three_8 /><only_three_9 /><only_three_10 /><only_three_11 /><only_three_12 /><only_three_13 /><only_three_14 /><only_three_15 /><only_three_16 /><only_three_17 /><only_three_18 /></only_three_1_1><only_three_1c>0</only_three_1c><only_three_2c>0</only_three_2c><only_three_3c>0</only_three_3c><only_three_4c>0</only_three_4c><only_three_5c>0</only_three_5c><only_three_6c>0</only_three_6c><only_three_7c>0</only_three_7c><only_three_8c>0</only_three_8c><only_three_9c>0</only_three_9c><only_three_10c>0</only_three_10c><only_three_11c>0</only_three_11c><only_three_12c>0</only_three_12c><only_three_13c>0</only_three_13c><only_three_14c>0</only_three_14c><only_three_15c>0</only_three_15c><only_three_16c>0</only_three_16c><only_three_17c>0</only_three_17c><only_three_18c>0</only_three_18c><only_threec>0</only_threec><only_threecc>0</only_threecc><only_threeccc>0</only_threeccc><only_threecn /><repeat2_count>0</repeat2_count><time_consuming /><acknowledgement_popup /><meta><instanceName>2015-07-06-No xa</instanceName></meta></All_in_One_GEN007>
